当前列名,一级来源,二级分类,tushare接口链接,字段名,中文含义,英文含义,单位
trade_date,common,date,通用字段,trade_date,交易日期,Trade Date,日期(YYYYMMDD)
indiv_adj_d_adj_factor,indiv,adj_d,https://tushare.pro/document/2?doc_id=199,adj_factor,复权因子,Adjustment Factor,
indiv_chip_cost_15pct,indiv,chip,https://tushare.pro/document/2?doc_id=293,cost_15pct,15分位成本,15th Percentile Cost,元
indiv_chip_cost_50pct,indiv,chip,https://tushare.pro/document/2?doc_id=293,cost_50pct,50分位成本,Median Cost,元
indiv_chip_cost_5pct,indiv,chip,https://tushare.pro/document/2?doc_id=293,cost_5pct,5分位成本,5th Percentile Cost,元
indiv_chip_cost_85pct,indiv,chip,https://tushare.pro/document/2?doc_id=293,cost_85pct,85分位成本,85th Percentile Cost,元
indiv_chip_cost_95pct,indiv,chip,https://tushare.pro/document/2?doc_id=293,cost_95pct,95分位成本,95th Percentile Cost,元
indiv_chip_his_high,indiv,chip,https://tushare.pro/document/2?doc_id=293,his_high,历史最高价,Historical High,元
indiv_chip_his_low,indiv,chip,https://tushare.pro/document/2?doc_id=293,his_low,历史最低价,Historical Low,元
indiv_chip_weight_avg,indiv,chip,https://tushare.pro/document/2?doc_id=293,weight_avg,加权平均成本,Weighted Average Cost,元
indiv_chip_winner_rate,indiv,chip,https://tushare.pro/document/2?doc_id=293,winner_rate,胜率,Winner Rate,%
indiv_d_amount,indiv,d,https://tushare.pro/document/2?doc_id=109,amount,成交额,Amount,千元
indiv_d_change,indiv,d,https://tushare.pro/document/2?doc_id=109,change,涨跌额,Change,元
indiv_d_close,indiv,d,https://tushare.pro/document/2?doc_id=109,close,收盘价,Close Price,元
indiv_d_high,indiv,d,https://tushare.pro/document/2?doc_id=109,high,最高价,High Price,元
indiv_d_low,indiv,d,https://tushare.pro/document/2?doc_id=109,low,最低价,Low Price,元
indiv_d_open,indiv,d,https://tushare.pro/document/2?doc_id=109,open,开盘价,Open Price,元
indiv_d_pct_chg,indiv,d,https://tushare.pro/document/2?doc_id=109,pct_chg,涨跌幅,Price Change Percentage,%
indiv_d_pre_close,indiv,d,https://tushare.pro/document/2?doc_id=109,pre_close,前收盘价,Previous Close,元
indiv_d_trade_date,indiv,d,https://tushare.pro/document/2?doc_id=109,trade_date,交易日期,Trade Date,日期(YYYYMMDD)
indiv_d_ts_code,indiv,d,https://tushare.pro/document/2?doc_id=109,ts_code,证券代码,TS Code,代码
indiv_d_vol,indiv,d,https://tushare.pro/document/2?doc_id=109,vol,成交量,Volume,手
indiv_din_circ_mv,indiv,din,https://tushare.pro/document/2?doc_id=32,circ_mv,流通市值,Circulating Market Value,万元
indiv_din_close,indiv,din,https://tushare.pro/document/2?doc_id=32,close,收盘价,Close Price,元
indiv_din_dv_ratio,indiv,din,https://tushare.pro/document/2?doc_id=32,dv_ratio,股息率,Dividend Yield,%
indiv_din_dv_ttm,indiv,din,https://tushare.pro/document/2?doc_id=32,dv_ttm,股息率(TTM),Dividend Yield (TTM),%
indiv_din_float_mv,indiv,din,https://tushare.pro/document/2?doc_id=32,float_mv,流通市值(指数),Float Market Value (Index),亿元
indiv_din_float_share,indiv,din,https://tushare.pro/document/2?doc_id=32,float_share,流通股本,Float Shares,万股
indiv_din_free_share,indiv,din,https://tushare.pro/document/2?doc_id=32,free_share,自由流通股本,Free Float Shares,万股
indiv_din_pb,indiv,din,https://tushare.pro/document/2?doc_id=32,pb,市净率(总市值/净资产),P/B Ratio,倍
indiv_din_pe,indiv,din,https://tushare.pro/document/2?doc_id=32,pe,市盈率(总市值/净利润),P/E Ratio,倍
indiv_din_pe_ttm,indiv,din,https://tushare.pro/document/2?doc_id=32,pe_ttm,市盈率(TTM),P/E Ratio (TTM),倍
indiv_din_ps,indiv,din,https://tushare.pro/document/2?doc_id=32,ps,市销率,P/S Ratio,倍
indiv_din_ps_ttm,indiv,din,https://tushare.pro/document/2?doc_id=32,ps_ttm,市销率(TTM),P/S Ratio (TTM),倍
indiv_din_total_mv,indiv,din,https://tushare.pro/document/2?doc_id=32,total_mv,总市值,Total Market Value,万元
indiv_din_total_share,indiv,din,https://tushare.pro/document/2?doc_id=32,total_share,总股本,Total Shares,万股
indiv_din_turnover_rate,indiv,din,https://tushare.pro/document/2?doc_id=32,turnover_rate,换手率,Turnover Rate,%
indiv_din_turnover_rate_f,indiv,din,https://tushare.pro/document/2?doc_id=32,turnover_rate_f,换手率(自由流通股),Turnover Rate (Free Float),%
indiv_din_volume_ratio,indiv,din,https://tushare.pro/document/2?doc_id=32,volume_ratio,量比,Volume Ratio,倍
indiv_fin_adminexp_of_gr,indiv,fin,https://tushare.pro/document/2?doc_id=79,adminexp_of_gr,管理费用与营业总收入之比,Admin Expense to Gross Revenue,%
indiv_fin_ann_date,indiv,fin,https://tushare.pro/document/2?doc_id=79,ann_date,公告日期,Announcement Date,日期
indiv_fin_ar_turn,indiv,fin,https://tushare.pro/document/2?doc_id=79,ar_turn,应收账款周转率,AR Turnover,次
indiv_fin_assets_to_eqt,indiv,fin,https://tushare.pro/document/2?doc_id=79,assets_to_eqt,权益乘数,Equity Multiplier,
indiv_fin_assets_turn,indiv,fin,https://tushare.pro/document/2?doc_id=79,assets_turn,总资产周转率,Total Asset Turnover,次
indiv_fin_assets_yoy,indiv,fin,https://tushare.pro/document/2?doc_id=79,assets_yoy,总资产同比增长率,Total Assets Growth (YoY),%
indiv_fin_basic_eps_yoy,indiv,fin,https://tushare.pro/document/2?doc_id=79,basic_eps_yoy,基本每股收益同比增长率,Basic EPS Growth (YoY),%
indiv_fin_bps,indiv,fin,https://tushare.pro/document/2?doc_id=79,bps,每股净资产,Book Value Per Share,元
indiv_fin_bps_yoy,indiv,fin,https://tushare.pro/document/2?doc_id=79,bps_yoy,每股净资产同比增长率,BPS Growth (YoY),%
indiv_fin_ca_to_assets,indiv,fin,https://tushare.pro/document/2?doc_id=79,ca_to_assets,流动资产/总资产,Current Assets to Total Assets,%
indiv_fin_ca_turn,indiv,fin,https://tushare.pro/document/2?doc_id=79,ca_turn,流动资产周转率,Current Asset Turnover,次
indiv_fin_capital_rese_ps,indiv,fin,https://tushare.pro/document/2?doc_id=79,capital_rese_ps,每股资本公积,Capital Reserve Per Share,元
indiv_fin_cash_ratio,indiv,fin,https://tushare.pro/document/2?doc_id=79,cash_ratio,保守速动比率,Cash Ratio,
indiv_fin_cfps,indiv,fin,https://tushare.pro/document/2?doc_id=79,cfps,每股现金流量净额,Cash Flow Per Share,元
indiv_fin_cfps_yoy,indiv,fin,https://tushare.pro/document/2?doc_id=79,cfps_yoy,每股现金流量净额同比增长率,CFPS Growth (YoY),%
indiv_fin_cogs_of_sales,indiv,fin,https://tushare.pro/document/2?doc_id=79,cogs_of_sales,销售成本率,Cost of Sales Ratio,%
indiv_fin_current_exint,indiv,fin,https://tushare.pro/document/2?doc_id=79,current_exint,流动负债合计(带息),Current Liabilities with Interest,元
indiv_fin_current_ratio,indiv,fin,https://tushare.pro/document/2?doc_id=79,current_ratio,流动比率,Current Ratio,
indiv_fin_currentdebt_to_debt,indiv,fin,https://tushare.pro/document/2?doc_id=79,currentdebt_to_debt,流动负债/负债合计,Current Debt to Total Debt,%
indiv_fin_debt_to_assets,indiv,fin,https://tushare.pro/document/2?doc_id=79,debt_to_assets,资产负债率,Debt to Assets,%
indiv_fin_debt_to_eqt,indiv,fin,https://tushare.pro/document/2?doc_id=79,debt_to_eqt,产权比率,Debt to Equity,%
indiv_fin_diluted2_eps,indiv,fin,https://tushare.pro/document/2?doc_id=79,diluted2_eps,稀释每股收益(摊薄),Diluted EPS (Fully Diluted),元
indiv_fin_dp_assets_to_eqt,indiv,fin,https://tushare.pro/document/2?doc_id=79,dp_assets_to_eqt,权益乘数(杜邦分析),Equity Multiplier (DuPont),
indiv_fin_dt_eps,indiv,fin,https://tushare.pro/document/2?doc_id=79,dt_eps,稀释每股收益,Diluted EPS,元
indiv_fin_dt_eps_yoy,indiv,fin,https://tushare.pro/document/2?doc_id=79,dt_eps_yoy,稀释每股收益同比增长率,Diluted EPS Growth (YoY),%
indiv_fin_dt_netprofit_yoy,indiv,fin,https://tushare.pro/document/2?doc_id=79,dt_netprofit_yoy,扣非净利润同比增长率,Net Profit Excl. Non-recurring Growth (YoY),%
indiv_fin_ebit,indiv,fin,https://tushare.pro/document/2?doc_id=79,ebit,息税前利润,EBIT,元
indiv_fin_ebit_of_gr,indiv,fin,https://tushare.pro/document/2?doc_id=79,ebit_of_gr,EBIT与营业总收入之比,EBIT to Gross Revenue,%
indiv_fin_ebit_ps,indiv,fin,https://tushare.pro/document/2?doc_id=79,ebit_ps,每股EBIT,EBIT Per Share,元
indiv_fin_ebitda,indiv,fin,https://tushare.pro/document/2?doc_id=79,ebitda,息税折旧摊销前利润,EBITDA,元
indiv_fin_ebt_yoy,indiv,fin,https://tushare.pro/document/2?doc_id=79,ebt_yoy,利润总额同比增长率,EBT Growth (YoY),%
indiv_fin_end_date,indiv,fin,https://tushare.pro/document/2?doc_id=79,end_date,截止日期,End Date,日期
indiv_fin_eps,indiv,fin,https://tushare.pro/document/2?doc_id=79,eps,基本每股收益,Earnings Per Share,元
indiv_fin_eqt_to_debt,indiv,fin,https://tushare.pro/document/2?doc_id=79,eqt_to_debt,归属于母公司的股东权益/负债合计,Equity to Debt,%
indiv_fin_eqt_to_interestdebt,indiv,fin,https://tushare.pro/document/2?doc_id=79,eqt_to_interestdebt,归属于母公司的股东权益/带息债务,Equity to Interest-bearing Debt,%
indiv_fin_eqt_to_talcapital,indiv,fin,https://tushare.pro/document/2?doc_id=79,eqt_to_talcapital,归属于母公司的股东权益/全部投入资本,Equity to Total Capital,%
indiv_fin_eqt_yoy,indiv,fin,https://tushare.pro/document/2?doc_id=79,eqt_yoy,净资产同比增长率,Equity Growth (YoY),%
indiv_fin_equity_yoy,indiv,fin,https://tushare.pro/document/2?doc_id=79,equity_yoy,股东权益同比增长率,Shareholders Equity Growth (YoY),%
indiv_fin_expense_of_sales,indiv,fin,https://tushare.pro/document/2?doc_id=79,expense_of_sales,销售期间费用率,Operating Expense Ratio,%
indiv_fin_extra_item,indiv,fin,https://tushare.pro/document/2?doc_id=79,extra_item,非经常性损益,Extraordinary Items,元
indiv_fin_fa_turn,indiv,fin,https://tushare.pro/document/2?doc_id=79,fa_turn,固定资产周转率,Fixed Asset Turnover,次
indiv_fin_fcfe,indiv,fin,https://tushare.pro/document/2?doc_id=79,fcfe,股权自由现金流量,FCFE,元
indiv_fin_fcfe_ps,indiv,fin,https://tushare.pro/document/2?doc_id=79,fcfe_ps,每股股权自由现金流,FCFE Per Share,元
indiv_fin_fcff,indiv,fin,https://tushare.pro/document/2?doc_id=79,fcff,企业自由现金流量,FCFF,元
indiv_fin_fcff_ps,indiv,fin,https://tushare.pro/document/2?doc_id=79,fcff_ps,每股企业自由现金流,FCFF Per Share,元
indiv_fin_finaexp_of_gr,indiv,fin,https://tushare.pro/document/2?doc_id=79,finaexp_of_gr,财务费用与营业总收入之比,Financial Expense to Gross Revenue,%
indiv_fin_fixed_assets,indiv,fin,https://tushare.pro/document/2?doc_id=79,fixed_assets,固定资产合计,Fixed Assets,元
indiv_fin_gc_of_gr,indiv,fin,https://tushare.pro/document/2?doc_id=79,gc_of_gr,营业总成本/营业总收入,Total Operating Cost to Revenue,%
indiv_fin_gross_margin,indiv,fin,https://tushare.pro/document/2?doc_id=79,gross_margin,毛利,Gross Margin,元
indiv_fin_grossprofit_margin,indiv,fin,https://tushare.pro/document/2?doc_id=79,grossprofit_margin,销售毛利率,Gross Profit Margin,%
indiv_fin_impai_ttm,indiv,fin,https://tushare.pro/document/2?doc_id=79,impai_ttm,资产减值损失/营业总收入,Impairment Loss Ratio,%
indiv_fin_int_to_talcap,indiv,fin,https://tushare.pro/document/2?doc_id=79,int_to_talcap,带息债务/全部投入资本,Interest-bearing Debt to Total Capital,%
indiv_fin_interestdebt,indiv,fin,https://tushare.pro/document/2?doc_id=79,interestdebt,带息债务,Interest-bearing Debt,元
indiv_fin_invest_capital,indiv,fin,https://tushare.pro/document/2?doc_id=79,invest_capital,投入资本,Invested Capital,元
indiv_fin_longdeb_to_debt,indiv,fin,https://tushare.pro/document/2?doc_id=79,longdeb_to_debt,非流动负债/负债合计,Long-term Debt to Total Debt,%
indiv_fin_nca_to_assets,indiv,fin,https://tushare.pro/document/2?doc_id=79,nca_to_assets,非流动资产/总资产,Non-current Assets to Total Assets,%
indiv_fin_netdebt,indiv,fin,https://tushare.pro/document/2?doc_id=79,netdebt,净债务,Net Debt,元
indiv_fin_netprofit_margin,indiv,fin,https://tushare.pro/document/2?doc_id=79,netprofit_margin,销售净利率,Net Profit Margin,%
indiv_fin_netprofit_yoy,indiv,fin,https://tushare.pro/document/2?doc_id=79,netprofit_yoy,归属母公司股东的净利润同比增长率,Net Profit Growth Rate (YoY),%
indiv_fin_networking_capital,indiv,fin,https://tushare.pro/document/2?doc_id=79,networking_capital,营运资金,Working Capital,元
indiv_fin_noncurrent_exint,indiv,fin,https://tushare.pro/document/2?doc_id=79,noncurrent_exint,非流动负债合计(带息),Non-current Liabilities with Interest,元
indiv_fin_npta,indiv,fin,https://tushare.pro/document/2?doc_id=79,npta,总资产净利润,Net Profit on Total Assets,%
indiv_fin_ocf_to_debt,indiv,fin,https://tushare.pro/document/2?doc_id=79,ocf_to_debt,经营活动产生的现金流量净额/负债合计,OCF to Total Debt,%
indiv_fin_ocf_to_shortdebt,indiv,fin,https://tushare.pro/document/2?doc_id=79,ocf_to_shortdebt,经营活动产生的现金流量净额/流动负债,OCF to Short-term Debt,
indiv_fin_ocf_yoy,indiv,fin,https://tushare.pro/document/2?doc_id=79,ocf_yoy,经营活动现金流同比增长率,OCF Growth (YoY),%
indiv_fin_ocfps,indiv,fin,https://tushare.pro/document/2?doc_id=79,ocfps,每股经营活动现金流,Operating Cash Flow Per Share,元
indiv_fin_op_income,indiv,fin,https://tushare.pro/document/2?doc_id=79,op_income,经营活动净收益,Operating Income,元
indiv_fin_op_of_gr,indiv,fin,https://tushare.pro/document/2?doc_id=79,op_of_gr,营业总收入同比增长率,Revenue Growth Rate,%
indiv_fin_op_yoy,indiv,fin,https://tushare.pro/document/2?doc_id=79,op_yoy,营业利润同比增长率,Operating Profit Growth (YoY),%
indiv_fin_or_yoy,indiv,fin,https://tushare.pro/document/2?doc_id=79,or_yoy,营业收入同比增长率,Operating Revenue Growth (YoY),%
indiv_fin_profit_dedt,indiv,fin,https://tushare.pro/document/2?doc_id=79,profit_dedt,扣除非经常性损益后的净利润,Net Profit Excl. Non-recurring,元
indiv_fin_profit_to_gr,indiv,fin,https://tushare.pro/document/2?doc_id=79,profit_to_gr,利润总额同比增长率,EBT Growth Rate,%
indiv_fin_profit_to_op,indiv,fin,https://tushare.pro/document/2?doc_id=79,profit_to_op,利润总额与营业收入之比,Profit to Operating Revenue,%
indiv_fin_q_dt_roe,indiv,fin,https://tushare.pro/document/2?doc_id=79,q_dt_roe,单季度ROE(扣非),Quarterly ROE (Excl. Non-recurring),%
indiv_fin_q_gc_to_gr,indiv,fin,https://tushare.pro/document/2?doc_id=79,q_gc_to_gr,单季度营业总成本/营业总收入,Quarterly Total Cost to Revenue,%
indiv_fin_q_npta,indiv,fin,https://tushare.pro/document/2?doc_id=79,q_npta,单季度总资产净利润,Quarterly Net Profit on Total Assets,%
indiv_fin_q_ocf_to_sales,indiv,fin,https://tushare.pro/document/2?doc_id=79,q_ocf_to_sales,单季度经营现金流/营业收入,Quarterly OCF to Sales,%
indiv_fin_q_op_qoq,indiv,fin,https://tushare.pro/document/2?doc_id=79,q_op_qoq,营业利润环比增长率,Operating Profit Growth (QoQ),%
indiv_fin_q_roe,indiv,fin,https://tushare.pro/document/2?doc_id=79,q_roe,单季度ROE,Quarterly ROE,%
indiv_fin_q_saleexp_to_gr,indiv,fin,https://tushare.pro/document/2?doc_id=79,q_saleexp_to_gr,单季度销售费用/营业总收入,Quarterly Sales Expense to Revenue,%
indiv_fin_q_sales_yoy,indiv,fin,https://tushare.pro/document/2?doc_id=79,q_sales_yoy,单季度营业收入同比增长率,Quarterly Sales Growth (YoY),%
indiv_fin_quick_ratio,indiv,fin,https://tushare.pro/document/2?doc_id=79,quick_ratio,速动比率,Quick Ratio,
indiv_fin_retained_earnings,indiv,fin,https://tushare.pro/document/2?doc_id=79,retained_earnings,留存收益,Retained Earnings,元
indiv_fin_retainedps,indiv,fin,https://tushare.pro/document/2?doc_id=79,retainedps,每股留存收益,Retained Earnings Per Share,元
indiv_fin_revenue_ps,indiv,fin,https://tushare.pro/document/2?doc_id=79,revenue_ps,每股营业收入,Operating Revenue Per Share,元
indiv_fin_roa,indiv,fin,https://tushare.pro/document/2?doc_id=79,roa,总资产报酬率,Return on Assets,%
indiv_fin_roa2_yearly,indiv,fin,https://tushare.pro/document/2?doc_id=79,roa2_yearly,年化总资产报酬率ROA(2),Annualized ROA (Method 2),%
indiv_fin_roa_dp,indiv,fin,https://tushare.pro/document/2?doc_id=79,roa_dp,总资产净利率(杜邦分析),ROA (DuPont),%
indiv_fin_roa_yearly,indiv,fin,https://tushare.pro/document/2?doc_id=79,roa_yearly,年化总资产净利率,Annualized ROA,%
indiv_fin_roe,indiv,fin,https://tushare.pro/document/2?doc_id=79,roe,净资产收益率,Return on Equity,%
indiv_fin_roe_dt,indiv,fin,https://tushare.pro/document/2?doc_id=79,roe_dt,净资产收益率(扣除非经常损益),ROE (Excl. Non-recurring),%
indiv_fin_roe_waa,indiv,fin,https://tushare.pro/document/2?doc_id=79,roe_waa,加权平均净资产收益率,Weighted Average ROE,%
indiv_fin_roe_yearly,indiv,fin,https://tushare.pro/document/2?doc_id=79,roe_yearly,年化净资产收益率,Annualized ROE,%
indiv_fin_roe_yoy,indiv,fin,https://tushare.pro/document/2?doc_id=79,roe_yoy,ROE同比增长率,ROE Growth (YoY),%
indiv_fin_roic,indiv,fin,https://tushare.pro/document/2?doc_id=79,roic,投入资本回报率,Return on Invested Capital,%
indiv_fin_saleexp_to_gr,indiv,fin,https://tushare.pro/document/2?doc_id=79,saleexp_to_gr,销售费用与营业总收入之比,Sales Expense to Gross Revenue,%
indiv_fin_surplus_rese_ps,indiv,fin,https://tushare.pro/document/2?doc_id=79,surplus_rese_ps,每股盈余公积,Surplus Reserve Per Share,元
indiv_fin_tangasset_to_intdebt,indiv,fin,https://tushare.pro/document/2?doc_id=79,tangasset_to_intdebt,有形资产/带息债务,Tangible Assets to Interest-bearing Debt,%
indiv_fin_tangible_asset,indiv,fin,https://tushare.pro/document/2?doc_id=79,tangible_asset,有形资产,Tangible Assets,元
indiv_fin_tangibleasset_to_debt,indiv,fin,https://tushare.pro/document/2?doc_id=79,tangibleasset_to_debt,有形资产/负债合计,Tangible Assets to Debt,%
indiv_fin_tangibleasset_to_netdebt,indiv,fin,https://tushare.pro/document/2?doc_id=79,tangibleasset_to_netdebt,有形资产/净债务,Tangible Assets to Net Debt,%
indiv_fin_tbassets_to_totalassets,indiv,fin,https://tushare.pro/document/2?doc_id=79,tbassets_to_totalassets,有形资产/总资产,Tangible Assets to Total Assets,%
indiv_fin_total_revenue_ps,indiv,fin,https://tushare.pro/document/2?doc_id=79,total_revenue_ps,每股营业总收入,Revenue Per Share,元
indiv_fin_tr_yoy,indiv,fin,https://tushare.pro/document/2?doc_id=79,tr_yoy,营业总收入同比增长率,Total Revenue Growth (YoY),%
indiv_fin_turn_days,indiv,fin,https://tushare.pro/document/2?doc_id=79,turn_days,营业周期,Operating Cycle,天
indiv_fin_undist_profit_ps,indiv,fin,https://tushare.pro/document/2?doc_id=79,undist_profit_ps,每股未分配利润,Undistributed Profit Per Share,元
indiv_fin_working_capital,indiv,fin,https://tushare.pro/document/2?doc_id=79,working_capital,营运资金,Working Capital,元
indiv_ind_amount,indiv,ind,https://tushare.pro/document/2?doc_id=95,amount,成交额,Amount,千元
indiv_ind_change,indiv,ind,https://tushare.pro/document/2?doc_id=95,change,涨跌额,Change,元
indiv_ind_close,indiv,ind,https://tushare.pro/document/2?doc_id=95,close,收盘价,Close Price,元
indiv_ind_high,indiv,ind,https://tushare.pro/document/2?doc_id=95,high,最高价,High Price,元
indiv_ind_low,indiv,ind,https://tushare.pro/document/2?doc_id=95,low,最低价,Low Price,元
indiv_ind_open,indiv,ind,https://tushare.pro/document/2?doc_id=95,open,开盘价,Open Price,元
indiv_ind_pct_chg,indiv,ind,https://tushare.pro/document/2?doc_id=95,pct_chg,涨跌幅,Price Change Percentage,%
indiv_ind_pre_close,indiv,ind,https://tushare.pro/document/2?doc_id=95,pre_close,前收盘价,Previous Close,元
indiv_ind_ts_code,indiv,ind,https://tushare.pro/document/2?doc_id=95,ts_code,证券代码,TS Code,代码
indiv_ind_vol,indiv,ind,https://tushare.pro/document/2?doc_id=95,vol,成交量,Volume,手
indiv_margin_rqchl,indiv,margin,https://tushare.pro/document/2?doc_id=59,rqchl,融券偿还量,Short Repayment Volume,股
indiv_margin_rqmcl,indiv,margin,https://tushare.pro/document/2?doc_id=59,rqmcl,融券卖出量,Short Sale Volume,股
indiv_margin_rqye,indiv,margin,https://tushare.pro/document/2?doc_id=59,rqye,融券余额,Short Balance,元
indiv_margin_rqyl,indiv,margin,https://tushare.pro/document/2?doc_id=59,rqyl,融券余量,Outstanding Short Volume,股
indiv_margin_rzche,indiv,margin,https://tushare.pro/document/2?doc_id=59,rzche,融资偿还额,Margin Repayment,元
indiv_margin_rzmre,indiv,margin,https://tushare.pro/document/2?doc_id=59,rzmre,融资买入额,Margin Purchase,元
indiv_margin_rzrqye,indiv,margin,https://tushare.pro/document/2?doc_id=59,rzrqye,融资融券余额,Margin + Short Balance,元
indiv_margin_rzye,indiv,margin,https://tushare.pro/document/2?doc_id=59,rzye,融资余额,Margin Balance,元
indiv_sh_ann_date,indiv,sh,https://tushare.pro/document/2?doc_id=166,ann_date,公告日期,Announcement Date,日期
indiv_sh_end_date,indiv,sh,https://tushare.pro/document/2?doc_id=166,end_date,截止日期,End Date,日期
indiv_sh_holder_num,indiv,sh,https://tushare.pro/document/2?doc_id=166,holder_num,股东户数,Number of Shareholders,户
indiv_techin_adj_factor,indiv,techin,https://tushare.pro/document/2?doc_id=328,adj_factor,复权因子,Adjustment Factor,
indiv_techin_amount,indiv,techin,https://tushare.pro/document/2?doc_id=328,amount,成交额,Amount,千元
indiv_techin_asi_bfq,indiv,techin,https://tushare.pro/document/2?doc_id=328,asi_bfq,ASI振动升降指标(不复权),ASI (Non-adjusted),
indiv_techin_asit_bfq,indiv,techin,https://tushare.pro/document/2?doc_id=328,asit_bfq,ASIT指标(不复权),ASIT (Non-adjusted),
indiv_techin_atr_bfq,indiv,techin,https://tushare.pro/document/2?doc_id=328,atr_bfq,ATR真实波幅(不复权),ATR (Non-adjusted),元
indiv_techin_bbi_bfq,indiv,techin,https://tushare.pro/document/2?doc_id=328,bbi_bfq,BBI多空指数(不复权),BBI (Non-adjusted),元
indiv_techin_bias1_bfq,indiv,techin,https://tushare.pro/document/2?doc_id=328,bias1_bfq,BIAS乖离率1(不复权),BIAS 1 (Non-adjusted),%
indiv_techin_bias2_bfq,indiv,techin,https://tushare.pro/document/2?doc_id=328,bias2_bfq,BIAS乖离率2(不复权),BIAS 2 (Non-adjusted),%
indiv_techin_bias3_bfq,indiv,techin,https://tushare.pro/document/2?doc_id=328,bias3_bfq,BIAS乖离率3(不复权),BIAS 3 (Non-adjusted),%
indiv_techin_boll_lower,indiv,techin,https://tushare.pro/document/2?doc_id=328,boll_lower,布林下轨,Bollinger Lower Band,元
indiv_techin_boll_lower_bfq,indiv,techin,https://tushare.pro/document/2?doc_id=328,boll_lower_bfq,布林下轨(不复权),Bollinger Lower (Non-adjusted),元
indiv_techin_boll_mid,indiv,techin,https://tushare.pro/document/2?doc_id=328,boll_mid,布林中轨,Bollinger Middle Band,元
indiv_techin_boll_mid_bfq,indiv,techin,https://tushare.pro/document/2?doc_id=328,boll_mid_bfq,布林中轨(不复权),Bollinger Mid (Non-adjusted),元
indiv_techin_boll_upper,indiv,techin,https://tushare.pro/document/2?doc_id=328,boll_upper,布林上轨,Bollinger Upper Band,元
indiv_techin_boll_upper_bfq,indiv,techin,https://tushare.pro/document/2?doc_id=328,boll_upper_bfq,布林上轨(不复权),Bollinger Upper (Non-adjusted),元
indiv_techin_brar_ar_bfq,indiv,techin,https://tushare.pro/document/2?doc_id=328,brar_ar_bfq,BRAR-AR(不复权),BRAR-AR (Non-adjusted),
indiv_techin_brar_br_bfq,indiv,techin,https://tushare.pro/document/2?doc_id=328,brar_br_bfq,BRAR-BR(不复权),BRAR-BR (Non-adjusted),
indiv_techin_cci,indiv,techin,https://tushare.pro/document/2?doc_id=328,cci,CCI指标,CCI,
indiv_techin_cci_bfq,indiv,techin,https://tushare.pro/document/2?doc_id=328,cci_bfq,CCI顺势指标(不复权),CCI (Non-adjusted),
indiv_techin_change,indiv,techin,https://tushare.pro/document/2?doc_id=328,change,涨跌额,Change,元
indiv_techin_close,indiv,techin,https://tushare.pro/document/2?doc_id=328,close,收盘价,Close Price,元
indiv_techin_close_hfq,indiv,techin,https://tushare.pro/document/2?doc_id=328,close_hfq,收盘价(后复权),Close (Forward Adjusted),元
indiv_techin_close_qfq,indiv,techin,https://tushare.pro/document/2?doc_id=328,close_qfq,收盘价(前复权),Close (Backward Adjusted),元
indiv_techin_cr_bfq,indiv,techin,https://tushare.pro/document/2?doc_id=328,cr_bfq,CR能量指标(不复权),CR (Non-adjusted),
indiv_techin_dfma_dif_bfq,indiv,techin,https://tushare.pro/document/2?doc_id=328,dfma_dif_bfq,DFMA-DIF(不复权),DFMA-DIF (Non-adjusted),
indiv_techin_dfma_difma_bfq,indiv,techin,https://tushare.pro/document/2?doc_id=328,dfma_difma_bfq,DFMA-DIFMA(不复权),DFMA-DIFMA (Non-adjusted),
indiv_techin_dmi_adx_bfq,indiv,techin,https://tushare.pro/document/2?doc_id=328,dmi_adx_bfq,DMI-ADX(不复权),DMI-ADX (Non-adjusted),
indiv_techin_dmi_adxr_bfq,indiv,techin,https://tushare.pro/document/2?doc_id=328,dmi_adxr_bfq,DMI-ADXR(不复权),DMI-ADXR (Non-adjusted),
indiv_techin_dmi_mdi_bfq,indiv,techin,https://tushare.pro/document/2?doc_id=328,dmi_mdi_bfq,DMI-MDI(不复权),DMI-MDI (Non-adjusted),
indiv_techin_dmi_pdi_bfq,indiv,techin,https://tushare.pro/document/2?doc_id=328,dmi_pdi_bfq,DMI-PDI(不复权),DMI-PDI (Non-adjusted),
indiv_techin_downdays,indiv,techin,https://tushare.pro/document/2?doc_id=328,downdays,连续下跌天数,Consecutive Down Days,天
indiv_techin_dpo_bfq,indiv,techin,https://tushare.pro/document/2?doc_id=328,dpo_bfq,DPO区间震荡线(不复权),DPO (Non-adjusted),
indiv_techin_ema_bfq_10,indiv,techin,https://tushare.pro/document/2?doc_id=328,ema_bfq_10,EMA10(不复权),EMA 10 (Non-adjusted),元
indiv_techin_ema_bfq_20,indiv,techin,https://tushare.pro/document/2?doc_id=328,ema_bfq_20,EMA20(不复权),EMA 20 (Non-adjusted),元
indiv_techin_ema_bfq_250,indiv,techin,https://tushare.pro/document/2?doc_id=328,ema_bfq_250,EMA250(不复权),EMA 250 (Non-adjusted),元
indiv_techin_ema_bfq_30,indiv,techin,https://tushare.pro/document/2?doc_id=328,ema_bfq_30,EMA30(不复权),EMA 30 (Non-adjusted),元
indiv_techin_ema_bfq_5,indiv,techin,https://tushare.pro/document/2?doc_id=328,ema_bfq_5,EMA5(不复权),EMA 5 (Non-adjusted),元
indiv_techin_ema_bfq_60,indiv,techin,https://tushare.pro/document/2?doc_id=328,ema_bfq_60,EMA60(不复权),EMA 60 (Non-adjusted),元
indiv_techin_ema_bfq_90,indiv,techin,https://tushare.pro/document/2?doc_id=328,ema_bfq_90,EMA90(不复权),EMA 90 (Non-adjusted),元
indiv_techin_emv_bfq,indiv,techin,https://tushare.pro/document/2?doc_id=328,emv_bfq,EMV简易波动指标(不复权),EMV (Non-adjusted),
indiv_techin_expma_12_bfq,indiv,techin,https://tushare.pro/document/2?doc_id=328,expma_12_bfq,EXPMA12(不复权),EXPMA 12 (Non-adjusted),元
indiv_techin_expma_50_bfq,indiv,techin,https://tushare.pro/document/2?doc_id=328,expma_50_bfq,EXPMA50(不复权),EXPMA 50 (Non-adjusted),元
indiv_techin_high,indiv,techin,https://tushare.pro/document/2?doc_id=328,high,最高价,High Price,元
indiv_techin_high_hfq,indiv,techin,https://tushare.pro/document/2?doc_id=328,high_hfq,最高价(后复权),High (Forward Adjusted),元
indiv_techin_high_qfq,indiv,techin,https://tushare.pro/document/2?doc_id=328,high_qfq,最高价(前复权),High (Backward Adjusted),元
indiv_techin_kdj_bfq,indiv,techin,https://tushare.pro/document/2?doc_id=328,kdj_bfq,KDJ-J(不复权),KDJ-J (Non-adjusted),
indiv_techin_kdj_d,indiv,techin,https://tushare.pro/document/2?doc_id=328,kdj_d,KDJ-D,KDJ D,
indiv_techin_kdj_d_bfq,indiv,techin,https://tushare.pro/document/2?doc_id=328,kdj_d_bfq,KDJ-D(不复权),KDJ-D (Non-adjusted),
indiv_techin_kdj_j,indiv,techin,https://tushare.pro/document/2?doc_id=328,kdj_j,KDJ-J,KDJ J,
indiv_techin_kdj_k,indiv,techin,https://tushare.pro/document/2?doc_id=328,kdj_k,KDJ-K,KDJ K,
indiv_techin_kdj_k_bfq,indiv,techin,https://tushare.pro/document/2?doc_id=328,kdj_k_bfq,KDJ-K(不复权),KDJ-K (Non-adjusted),
indiv_techin_ktn_down_bfq,indiv,techin,https://tushare.pro/document/2?doc_id=328,ktn_down_bfq,KTN下轨(不复权),KTN Lower (Non-adjusted),元
indiv_techin_ktn_mid_bfq,indiv,techin,https://tushare.pro/document/2?doc_id=328,ktn_mid_bfq,KTN中轨(不复权),KTN Mid (Non-adjusted),元
indiv_techin_ktn_upper_bfq,indiv,techin,https://tushare.pro/document/2?doc_id=328,ktn_upper_bfq,KTN上轨(不复权),KTN Upper (Non-adjusted),元
indiv_techin_low,indiv,techin,https://tushare.pro/document/2?doc_id=328,low,最低价,Low Price,元
indiv_techin_low_hfq,indiv,techin,https://tushare.pro/document/2?doc_id=328,low_hfq,最低价(后复权),Low (Forward Adjusted),元
indiv_techin_low_qfq,indiv,techin,https://tushare.pro/document/2?doc_id=328,low_qfq,最低价(前复权),Low (Backward Adjusted),元
indiv_techin_lowdays,indiv,techin,https://tushare.pro/document/2?doc_id=328,lowdays,连续创新低天数,Consecutive New Low Days,天
indiv_techin_ma_bfq_10,indiv,techin,https://tushare.pro/document/2?doc_id=328,ma_bfq_10,MA10(不复权),MA 10 (Non-adjusted),元
indiv_techin_ma_bfq_20,indiv,techin,https://tushare.pro/document/2?doc_id=328,ma_bfq_20,MA20(不复权),MA 20 (Non-adjusted),元
indiv_techin_ma_bfq_250,indiv,techin,https://tushare.pro/document/2?doc_id=328,ma_bfq_250,MA250(不复权),MA 250 (Non-adjusted),元
indiv_techin_ma_bfq_30,indiv,techin,https://tushare.pro/document/2?doc_id=328,ma_bfq_30,MA30(不复权),MA 30 (Non-adjusted),元
indiv_techin_ma_bfq_5,indiv,techin,https://tushare.pro/document/2?doc_id=328,ma_bfq_5,MA5(不复权),MA 5 (Non-adjusted),元
indiv_techin_ma_bfq_60,indiv,techin,https://tushare.pro/document/2?doc_id=328,ma_bfq_60,MA60(不复权),MA 60 (Non-adjusted),元
indiv_techin_ma_bfq_90,indiv,techin,https://tushare.pro/document/2?doc_id=328,ma_bfq_90,MA90(不复权),MA 90 (Non-adjusted),元
indiv_techin_ma_mass_bfq,indiv,techin,https://tushare.pro/document/2?doc_id=328,ma_mass_bfq,MASS梅斯线MA(不复权),MA of MASS (Non-adjusted),
indiv_techin_macd,indiv,techin,https://tushare.pro/document/2?doc_id=328,macd,MACD,MACD,
indiv_techin_macd_bfq,indiv,techin,https://tushare.pro/document/2?doc_id=328,macd_bfq,MACD(不复权),MACD (Non-adjusted),
indiv_techin_macd_dea,indiv,techin,https://tushare.pro/document/2?doc_id=328,macd_dea,MACD-DEA,MACD DEA,
indiv_techin_macd_dea_bfq,indiv,techin,https://tushare.pro/document/2?doc_id=328,macd_dea_bfq,MACD-DEA(不复权),MACD-DEA (Non-adjusted),
indiv_techin_macd_dif,indiv,techin,https://tushare.pro/document/2?doc_id=328,macd_dif,MACD-DIF,MACD DIF,
indiv_techin_macd_dif_bfq,indiv,techin,https://tushare.pro/document/2?doc_id=328,macd_dif_bfq,MACD-DIF(不复权),MACD-DIF (Non-adjusted),
indiv_techin_madpo_bfq,indiv,techin,https://tushare.pro/document/2?doc_id=328,madpo_bfq,DPO均线(不复权),MA of DPO (Non-adjusted),
indiv_techin_maemv_bfq,indiv,techin,https://tushare.pro/document/2?doc_id=328,maemv_bfq,EMV均线(不复权),MA of EMV (Non-adjusted),
indiv_techin_maroc_bfq,indiv,techin,https://tushare.pro/document/2?doc_id=328,maroc_bfq,ROC均线(不复权),MA of ROC (Non-adjusted),
indiv_techin_mass_bfq,indiv,techin,https://tushare.pro/document/2?doc_id=328,mass_bfq,MASS梅斯线(不复权),MASS (Non-adjusted),
indiv_techin_mfi_bfq,indiv,techin,https://tushare.pro/document/2?doc_id=328,mfi_bfq,MFI资金流量指标(不复权),MFI (Non-adjusted),
indiv_techin_mtm_bfq,indiv,techin,https://tushare.pro/document/2?doc_id=328,mtm_bfq,MTM动量指标(不复权),MTM (Non-adjusted),
indiv_techin_mtmma_bfq,indiv,techin,https://tushare.pro/document/2?doc_id=328,mtmma_bfq,MTM均线(不复权),MA of MTM (Non-adjusted),
indiv_techin_obv_bfq,indiv,techin,https://tushare.pro/document/2?doc_id=328,obv_bfq,OBV能量潮(不复权),OBV (Non-adjusted),
indiv_techin_open,indiv,techin,https://tushare.pro/document/2?doc_id=328,open,开盘价,Open Price,元
indiv_techin_open_hfq,indiv,techin,https://tushare.pro/document/2?doc_id=328,open_hfq,开盘价(后复权),Open (Forward Adjusted),元
indiv_techin_open_qfq,indiv,techin,https://tushare.pro/document/2?doc_id=328,open_qfq,开盘价(前复权),Open (Backward Adjusted),元
indiv_techin_pct_change,indiv,techin,https://tushare.pro/document/2?doc_id=328,pct_change,涨跌幅,Price Change %,%
indiv_techin_pre_close,indiv,techin,https://tushare.pro/document/2?doc_id=328,pre_close,前收盘价,Previous Close,元
indiv_techin_pre_close_hfq,indiv,techin,https://tushare.pro/document/2?doc_id=328,pre_close_hfq,前收盘价(后复权),Previous Close (Forward Adjusted),元
indiv_techin_pre_close_qfq,indiv,techin,https://tushare.pro/document/2?doc_id=328,pre_close_qfq,前收盘价(前复权),Previous Close (Backward Adjusted),元
indiv_techin_psy_bfq,indiv,techin,https://tushare.pro/document/2?doc_id=328,psy_bfq,PSY心理线(不复权),PSY (Non-adjusted),%
indiv_techin_psyma_bfq,indiv,techin,https://tushare.pro/document/2?doc_id=328,psyma_bfq,PSY均线(不复权),MA of PSY (Non-adjusted),%
indiv_techin_roc_bfq,indiv,techin,https://tushare.pro/document/2?doc_id=328,roc_bfq,ROC变动率指标(不复权),ROC (Non-adjusted),%
indiv_techin_rsi_12,indiv,techin,https://tushare.pro/document/2?doc_id=328,rsi_12,RSI(12日),RSI (12-day),
indiv_techin_rsi_24,indiv,techin,https://tushare.pro/document/2?doc_id=328,rsi_24,RSI(24日),RSI (24-day),
indiv_techin_rsi_6,indiv,techin,https://tushare.pro/document/2?doc_id=328,rsi_6,RSI(6日),RSI (6-day),
indiv_techin_rsi_bfq_12,indiv,techin,https://tushare.pro/document/2?doc_id=328,rsi_bfq_12,RSI12(不复权),RSI 12 (Non-adjusted),
indiv_techin_rsi_bfq_24,indiv,techin,https://tushare.pro/document/2?doc_id=328,rsi_bfq_24,RSI24(不复权),RSI 24 (Non-adjusted),
indiv_techin_rsi_bfq_6,indiv,techin,https://tushare.pro/document/2?doc_id=328,rsi_bfq_6,RSI6(不复权),RSI 6 (Non-adjusted),
indiv_techin_taq_down_bfq,indiv,techin,https://tushare.pro/document/2?doc_id=328,taq_down_bfq,TAQ下轨(不复权),TAQ Lower (Non-adjusted),元
indiv_techin_taq_mid_bfq,indiv,techin,https://tushare.pro/document/2?doc_id=328,taq_mid_bfq,TAQ中轨(不复权),TAQ Mid (Non-adjusted),元
indiv_techin_taq_up_bfq,indiv,techin,https://tushare.pro/document/2?doc_id=328,taq_up_bfq,TAQ上轨(不复权),TAQ Upper (Non-adjusted),元
indiv_techin_topdays,indiv,techin,https://tushare.pro/document/2?doc_id=328,topdays,连续创新高天数,Consecutive New High Days,天
indiv_techin_trix_bfq,indiv,techin,https://tushare.pro/document/2?doc_id=328,trix_bfq,TRIX三重指数平滑均线(不复权),TRIX (Non-adjusted),
indiv_techin_trma_bfq,indiv,techin,https://tushare.pro/document/2?doc_id=328,trma_bfq,TRIX均线(不复权),MA of TRIX (Non-adjusted),
indiv_techin_updays,indiv,techin,https://tushare.pro/document/2?doc_id=328,updays,连续上涨天数,Consecutive Up Days,天
indiv_techin_vol,indiv,techin,https://tushare.pro/document/2?doc_id=328,vol,成交量,Volume,手
indiv_techin_vr_bfq,indiv,techin,https://tushare.pro/document/2?doc_id=328,vr_bfq,VR容量比率(不复权),VR (Non-adjusted),
indiv_techin_wr1_bfq,indiv,techin,https://tushare.pro/document/2?doc_id=328,wr1_bfq,WR威廉指标1(不复权),WR 1 (Non-adjusted),%
indiv_techin_wr_bfq,indiv,techin,https://tushare.pro/document/2?doc_id=328,wr_bfq,WR威廉指标(不复权),WR (Non-adjusted),%
indiv_techin_xsii_td1_bfq,indiv,techin,https://tushare.pro/document/2?doc_id=328,xsii_td1_bfq,XSII薛斯通道TD1(不复权),XSII-TD1 (Non-adjusted),元
indiv_techin_xsii_td2_bfq,indiv,techin,https://tushare.pro/document/2?doc_id=328,xsii_td2_bfq,XSII薛斯通道TD2(不复权),XSII-TD2 (Non-adjusted),元
indiv_techin_xsii_td3_bfq,indiv,techin,https://tushare.pro/document/2?doc_id=328,xsii_td3_bfq,XSII薛斯通道TD3(不复权),XSII-TD3 (Non-adjusted),元
indiv_techin_xsii_td4_bfq,indiv,techin,https://tushare.pro/document/2?doc_id=328,xsii_td4_bfq,XSII薛斯通道TD4(不复权),XSII-TD4 (Non-adjusted),元
macro_cpi_cnt_accu,macro,cpi,https://tushare.pro/document/2?doc_id=228,cnt_accu,农村居民消费价格累计,Rural CPI (Cumulative),%
macro_cpi_cnt_mom,macro,cpi,https://tushare.pro/document/2?doc_id=228,cnt_mom,农村居民消费价格环比,Rural CPI (MoM),%
macro_cpi_cnt_val,macro,cpi,https://tushare.pro/document/2?doc_id=228,cnt_val,农村CPI定基指数,Rural CPI Index Value,
macro_cpi_cnt_yoy,macro,cpi,https://tushare.pro/document/2?doc_id=228,cnt_yoy,农村居民消费价格同比,Rural CPI (YoY),%
macro_cpi_nt_accu,macro,cpi,https://tushare.pro/document/2?doc_id=228,nt_accu,全国居民消费价格累计,CPI (Cumulative),%
macro_cpi_nt_mom,macro,cpi,https://tushare.pro/document/2?doc_id=228,nt_mom,全国居民消费价格环比,CPI (MoM),%
macro_cpi_nt_val,macro,cpi,https://tushare.pro/document/2?doc_id=228,nt_val,全国CPI定基指数,National CPI Index Value,
macro_cpi_nt_yoy,macro,cpi,https://tushare.pro/document/2?doc_id=228,nt_yoy,全国居民消费价格同比,CPI (YoY),%
macro_cpi_town_accu,macro,cpi,https://tushare.pro/document/2?doc_id=228,town_accu,城市居民消费价格累计,Urban CPI (Cumulative),%
macro_cpi_town_mom,macro,cpi,https://tushare.pro/document/2?doc_id=228,town_mom,城市居民消费价格环比,Urban CPI (MoM),%
macro_cpi_town_val,macro,cpi,https://tushare.pro/document/2?doc_id=228,town_val,城市CPI定基指数,Urban CPI Index Value,
macro_cpi_town_yoy,macro,cpi,https://tushare.pro/document/2?doc_id=228,town_yoy,城市居民消费价格同比,Urban CPI (YoY),%
macro_gdp_gdp,macro,gdp,https://tushare.pro/document/2?doc_id=227,gdp,GDP,GDP,亿元
macro_gdp_gdp_yoy,macro,gdp,https://tushare.pro/document/2?doc_id=227,gdp_yoy,GDP同比增长率,GDP Growth Rate (YoY),%
macro_gdp_pi,macro,gdp,https://tushare.pro/document/2?doc_id=227,pi,第一产业增加值,Primary Industry,亿元
macro_gdp_pi_yoy,macro,gdp,https://tushare.pro/document/2?doc_id=227,pi_yoy,第一产业同比增长率,Primary Industry Growth (YoY),%
macro_gdp_si,macro,gdp,https://tushare.pro/document/2?doc_id=227,si,第二产业增加值,Secondary Industry,亿元
macro_gdp_si_yoy,macro,gdp,https://tushare.pro/document/2?doc_id=227,si_yoy,第二产业同比增长率,Secondary Industry Growth (YoY),%
macro_gdp_ti,macro,gdp,https://tushare.pro/document/2?doc_id=227,ti,第三产业增加值,Tertiary Industry,亿元
macro_gdp_ti_yoy,macro,gdp,https://tushare.pro/document/2?doc_id=227,ti_yoy,第三产业同比增长率,Tertiary Industry Growth (YoY),%
macro_im_hsi_macro_im_change,macro,im,https://tushare.pro/document/2?doc_id=211,hsi_macro_im_change,恒生指数涨跌点位,HSI Change,点
macro_im_hsi_macro_im_close,macro,im,https://tushare.pro/document/2?doc_id=211,hsi_macro_im_close,恒生指数收盘点位,HSI Close,点
macro_im_hsi_macro_im_high,macro,im,https://tushare.pro/document/2?doc_id=211,hsi_macro_im_high,恒生指数最高点位,HSI High,点
macro_im_hsi_macro_im_low,macro,im,https://tushare.pro/document/2?doc_id=211,hsi_macro_im_low,恒生指数最低点位,HSI Low,点
macro_im_hsi_macro_im_open,macro,im,https://tushare.pro/document/2?doc_id=211,hsi_macro_im_open,恒生指数开盘点位,HSI Open,点
macro_im_hsi_macro_im_pct_chg,macro,im,https://tushare.pro/document/2?doc_id=211,hsi_macro_im_pct_chg,恒生指数涨跌幅,HSI Percent Change,%
macro_im_hsi_macro_im_pre_close,macro,im,https://tushare.pro/document/2?doc_id=211,hsi_macro_im_pre_close,恒生指数昨日收盘点,HSI Previous Close,点
macro_im_hsi_macro_im_swing,macro,im,https://tushare.pro/document/2?doc_id=211,hsi_macro_im_swing,恒生指数振幅,HSI Swing,%
macro_im_hsi_macro_im_ts_code,macro,im,https://tushare.pro/document/2?doc_id=211,hsi_macro_im_ts_code,恒生指数代码,Hang Seng Index Code,代码
macro_im_hsi_macro_im_vol,macro,im,https://tushare.pro/document/2?doc_id=211,hsi_macro_im_vol,恒生指数成交量,HSI Volume,手
macro_im_spx_macro_im_change,macro,im,https://tushare.pro/document/2?doc_id=211,spx_macro_im_change,标普500涨跌点位,S&P 500 Change,点
macro_im_spx_macro_im_close,macro,im,https://tushare.pro/document/2?doc_id=211,spx_macro_im_close,标普500收盘点位,S&P 500 Close,点
macro_im_spx_macro_im_high,macro,im,https://tushare.pro/document/2?doc_id=211,spx_macro_im_high,标普500最高点位,S&P 500 High,点
macro_im_spx_macro_im_low,macro,im,https://tushare.pro/document/2?doc_id=211,spx_macro_im_low,标普500最低点位,S&P 500 Low,点
macro_im_spx_macro_im_open,macro,im,https://tushare.pro/document/2?doc_id=211,spx_macro_im_open,标普500开盘点位,S&P 500 Open,点
macro_im_spx_macro_im_pct_chg,macro,im,https://tushare.pro/document/2?doc_id=211,spx_macro_im_pct_chg,标普500涨跌幅,S&P 500 Percent Change,%
macro_im_spx_macro_im_pre_close,macro,im,https://tushare.pro/document/2?doc_id=211,spx_macro_im_pre_close,标普500昨日收盘点,S&P 500 Previous Close,点
macro_im_spx_macro_im_swing,macro,im,https://tushare.pro/document/2?doc_id=211,spx_macro_im_swing,标普500振幅,S&P 500 Swing,%
macro_im_spx_macro_im_ts_code,macro,im,https://tushare.pro/document/2?doc_id=211,spx_macro_im_ts_code,标普500指数代码,S&P 500 Index Code,代码
macro_im_spx_macro_im_vol,macro,im,https://tushare.pro/document/2?doc_id=211,spx_macro_im_vol,标普500成交量,S&P 500 Volume,手
macro_m_m0,macro,m,https://tushare.pro/document/2?doc_id=242,m0,M0货币供应量,M0,亿元
macro_m_m0_mom,macro,m,https://tushare.pro/document/2?doc_id=242,m0_mom,M0环比增长率,M0 Growth (MoM),%
macro_m_m0_yoy,macro,m,https://tushare.pro/document/2?doc_id=242,m0_yoy,M0同比增长率,M0 Growth (YoY),%
macro_m_m1,macro,m,https://tushare.pro/document/2?doc_id=242,m1,M1货币供应量,M1,亿元
macro_m_m1_mom,macro,m,https://tushare.pro/document/2?doc_id=242,m1_mom,M1环比增长率,M1 Growth (MoM),%
macro_m_m1_yoy,macro,m,https://tushare.pro/document/2?doc_id=242,m1_yoy,M1同比增长率,M1 Growth (YoY),%
macro_m_m2,macro,m,https://tushare.pro/document/2?doc_id=242,m2,M2货币供应量,M2,亿元
macro_m_m2_mom,macro,m,https://tushare.pro/document/2?doc_id=242,m2_mom,M2环比增长率,M2 Growth (MoM),%
macro_m_m2_yoy,macro,m,https://tushare.pro/document/2?doc_id=242,m2_yoy,M2同比增长率,M2 Growth (YoY),%
macro_ppi_ppi_accu,macro,ppi,https://tushare.pro/document/2?doc_id=245,ppi_accu,PPI累计,PPI (Cumulative),%
macro_ppi_ppi_cg_accu,macro,ppi,https://tushare.pro/document/2?doc_id=245,ppi_cg_accu,PPI:生产资料:累计,PPI Capital Goods (Cumulative),%
macro_ppi_ppi_cg_adu_accu,macro,ppi,https://tushare.pro/document/2?doc_id=245,ppi_cg_adu_accu,PPI:生产资料:采掘:累计,PPI CG Mining (Cumulative),%
macro_ppi_ppi_cg_adu_mom,macro,ppi,https://tushare.pro/document/2?doc_id=245,ppi_cg_adu_mom,PPI:生产资料:采掘:环比,PPI CG Mining (MoM),%
macro_ppi_ppi_cg_adu_yoy,macro,ppi,https://tushare.pro/document/2?doc_id=245,ppi_cg_adu_yoy,PPI:生产资料:采掘:同比,PPI CG Mining (YoY),%
macro_ppi_ppi_cg_c_accu,macro,ppi,https://tushare.pro/document/2?doc_id=245,ppi_cg_c_accu,PPI:生产资料:化工:累计,PPI CG Chemical (Cumulative),%
macro_ppi_ppi_cg_c_mom,macro,ppi,https://tushare.pro/document/2?doc_id=245,ppi_cg_c_mom,PPI:生产资料:化工:环比,PPI CG Chemical (MoM),%
macro_ppi_ppi_cg_c_yoy,macro,ppi,https://tushare.pro/document/2?doc_id=245,ppi_cg_c_yoy,PPI:生产资料:化工:同比,PPI CG Chemical (YoY),%
macro_ppi_ppi_cg_dcg_accu,macro,ppi,https://tushare.pro/document/2?doc_id=245,ppi_cg_dcg_accu,PPI:生产资料:深加工:累计,PPI CG Deep Processing (Cumulative),%
macro_ppi_ppi_cg_dcg_mom,macro,ppi,https://tushare.pro/document/2?doc_id=245,ppi_cg_dcg_mom,PPI:生产资料:深加工:环比,PPI CG Deep Processing (MoM),%
macro_ppi_ppi_cg_dcg_yoy,macro,ppi,https://tushare.pro/document/2?doc_id=245,ppi_cg_dcg_yoy,PPI:生产资料:深加工:同比,PPI CG Deep Processing (YoY),%
macro_ppi_ppi_cg_f_accu,macro,ppi,https://tushare.pro/document/2?doc_id=245,ppi_cg_f_accu,PPI:生产资料:燃料:累计,PPI CG Fuel (Cumulative),%
macro_ppi_ppi_cg_f_mom,macro,ppi,https://tushare.pro/document/2?doc_id=245,ppi_cg_f_mom,PPI:生产资料:燃料:环比,PPI CG Fuel (MoM),%
macro_ppi_ppi_cg_f_yoy,macro,ppi,https://tushare.pro/document/2?doc_id=245,ppi_cg_f_yoy,PPI:生产资料:燃料:同比,PPI CG Fuel (YoY),%
macro_ppi_ppi_cg_mom,macro,ppi,https://tushare.pro/document/2?doc_id=245,ppi_cg_mom,PPI:生产资料:环比,PPI Capital Goods (MoM),%
macro_ppi_ppi_cg_yoy,macro,ppi,https://tushare.pro/document/2?doc_id=245,ppi_cg_yoy,PPI:生产资料:同比,PPI Capital Goods (YoY),%
macro_ppi_ppi_mom,macro,ppi,https://tushare.pro/document/2?doc_id=245,ppi_mom,PPI环比,PPI (MoM),%
macro_ppi_ppi_mp_accu,macro,ppi,https://tushare.pro/document/2?doc_id=245,ppi_mp_accu,PPI:生活资料:累计,PPI Consumer Goods (Cumulative),%
macro_ppi_ppi_mp_mom,macro,ppi,https://tushare.pro/document/2?doc_id=245,ppi_mp_mom,PPI:生活资料:环比,PPI Consumer Goods (MoM),%
macro_ppi_ppi_mp_p_accu,macro,ppi,https://tushare.pro/document/2?doc_id=245,ppi_mp_p_accu,PPI:生活资料:一般日用品:累计,PPI CG General (Cumulative),%
macro_ppi_ppi_mp_p_mom,macro,ppi,https://tushare.pro/document/2?doc_id=245,ppi_mp_p_mom,PPI:生活资料:一般日用品:环比,PPI CG General (MoM),%
macro_ppi_ppi_mp_p_yoy,macro,ppi,https://tushare.pro/document/2?doc_id=245,ppi_mp_p_yoy,PPI:生活资料:一般日用品:同比,PPI CG General (YoY),%
macro_ppi_ppi_mp_qm_accu,macro,ppi,https://tushare.pro/document/2?doc_id=245,ppi_mp_qm_accu,PPI:生活资料:衣着:累计,PPI CG Clothing (Cumulative),%
macro_ppi_ppi_mp_qm_mom,macro,ppi,https://tushare.pro/document/2?doc_id=245,ppi_mp_qm_mom,PPI:生活资料:衣着:环比,PPI CG Clothing (MoM),%
macro_ppi_ppi_mp_qm_yoy,macro,ppi,https://tushare.pro/document/2?doc_id=245,ppi_mp_qm_yoy,PPI:生活资料:衣着:同比,PPI CG Clothing (YoY),%
macro_ppi_ppi_mp_rm_accu,macro,ppi,https://tushare.pro/document/2?doc_id=245,ppi_mp_rm_accu,PPI:生活资料:耐用消费品:累计,PPI CG Durable (Cumulative),%
macro_ppi_ppi_mp_rm_mom,macro,ppi,https://tushare.pro/document/2?doc_id=245,ppi_mp_rm_mom,PPI:生活资料:耐用消费品:环比,PPI CG Durable (MoM),%
macro_ppi_ppi_mp_rm_yoy,macro,ppi,https://tushare.pro/document/2?doc_id=245,ppi_mp_rm_yoy,PPI:生活资料:耐用消费品:同比,PPI CG Durable (YoY),%
macro_ppi_ppi_mp_yoy,macro,ppi,https://tushare.pro/document/2?doc_id=245,ppi_mp_yoy,PPI:生活资料:同比,PPI Consumer Goods (YoY),%
macro_ppi_ppi_yoy,macro,ppi,https://tushare.pro/document/2?doc_id=245,ppi_yoy,PPI同比,PPI (YoY),%
macro_sf_inc_cumval,macro,sf,https://tushare.pro/document/2?doc_id=310,inc_cumval,社融增量累计值,Social Financing Incremental Cumulative,亿元
macro_sf_inc_month,macro,sf,https://tushare.pro/document/2?doc_id=310,inc_month,社融月度增量,Social Financing Monthly Increment,亿元
macro_sf_stk_endval,macro,sf,https://tushare.pro/document/2?doc_id=310,stk_endval,社融存量,Social Financing Stock,亿元
macro_shibor_1m,macro,shibor,https://tushare.pro/document/2?doc_id=149,1m,SHIBOR 1月利率,SHIBOR 1 Month,%
macro_shibor_1w,macro,shibor,https://tushare.pro/document/2?doc_id=149,1w,SHIBOR 1周利率,SHIBOR 1 Week,%
macro_shibor_1y,macro,shibor,https://tushare.pro/document/2?doc_id=149,1y,SHIBOR 1年利率/美债1年期收益率,SHIBOR 1 Year / US Treasury 1Y,%
macro_shibor_2w,macro,shibor,https://tushare.pro/document/2?doc_id=149,2w,SHIBOR 2周利率,SHIBOR 2 Week,%
macro_shibor_3m,macro,shibor,https://tushare.pro/document/2?doc_id=149,3m,SHIBOR 3月利率,SHIBOR 3 Month,%
macro_shibor_6m,macro,shibor,https://tushare.pro/document/2?doc_id=149,6m,SHIBOR 6月利率,SHIBOR 6 Month,%
macro_shibor_9m,macro,shibor,https://tushare.pro/document/2?doc_id=149,9m,SHIBOR 9月利率,SHIBOR 9 Month,%
macro_shibor_on,macro,shibor,https://tushare.pro/document/2?doc_id=149,on,SHIBOR隔夜利率,SHIBOR Overnight,%
macro_ust_y10,macro,ust,https://tushare.pro/document/2?doc_id=219,y10,美债10年期收益率,US Treasury 10Y Yield,%
macro_ust_y20,macro,ust,https://tushare.pro/document/2?doc_id=219,y20,美债20年期收益率,US Treasury 20Y Yield,%
macro_ust_y30,macro,ust,https://tushare.pro/document/2?doc_id=219,y30,美债30年期收益率,US Treasury 30Y Yield,%
macro_ust_y5,macro,ust,https://tushare.pro/document/2?doc_id=219,y5,美债5年期收益率,US Treasury 5Y Yield,%
macro_ust_y7,macro,ust,https://tushare.pro/document/2?doc_id=219,y7,美债7年期收益率,US Treasury 7Y Yield,%
